{
	"icons": [ "ascii" ],
	"defaults": {
		"separator-block-width": 0,
		"warning": {
			"fg": "#8C001A",
			"bg": "#ffffff"
		},
		"critical": {
			"fg": "#ffffff",
			"bg": "#8C001A"
		},
		"good": {
			"fg": "#000000",
			"bg": "#008800"
		},
		"great": {
			"fg": "#000000",
			"bg": "#008080"
		},
		"mid": {
			"fg": "#000000",
			"bg": "#808000"
		},
		"default_separators": false,
		"separator": ""
	},
	"cycle": [
		{ "fg": "#93a1a1", "bg": "#000000" },
		{ "fg": "#eee8d5", "bg": "#333333" }
	],
	"dnf": {
		"good": {
			"fg": "#002b36",
			"bg": "#859900"
		}
	},
	"battery": {
		"charged": {
			"fg": "#000000",
			"bg": "#008080"
		},
		"AC": {
			"fg": "#002b36",
			"bg": "#859900"
		}
	}
}
